endpoint,usubjid,relative_acctime_m,duration_m,event,randdt,eventdt,duration,terminatedt
PFS,PT-1001,1.347023,8.213552,1,2023-12-14,2024-08-20,250,
PFS,PT-1002,3.088296,22.570842,0,2024-02-05,2025-12-23,687,
PFS,PT-1003,3.154004,6.866530,1,2024-02-07,2024-09-03,209,
PFS,PT-1004,3.712526,18.694045,0,2024-02-24,2025-09-15,569,
PFS,PT-1005,4.336756,18.858316,0,2024-03-14,2025-10-09,574,
PFS,PT-1006,7.293634,5.913758,1,2024-06-12,2024-12-09,180,
PFS,PT-1007,9.724846,13.601643,1,2024-08-25,2025-10-13,414,
PFS,PT-1008,13.108830,4.402464,1,2024-12-06,2025-04-19,134,
PFS,PT-1009,15.080082,1.182752,0,2025-02-04,2025-03-12,36,
PFS,PT-1010,13.897331,9.264887,0,2024-12-30,2025-10-08,282,
PFS,PT-1011,17.215606,7.490760,0,2025-04-10,2025-11-24,228,
PFS,PT-1012,18.168378,5.815195,1,2025-05-09,2025-11-02,177,
PFS,PT-1013,17.872690,6.242300,1,2025-04-30,2025-11-06,190,
PFS,PT-1014,17.478439,5.946612,1,2025-04-18,2025-10-16,181,
PFS,PT-1015,19.318275,5.815195,1,2025-06-13,2025-12-07,177,
PFS,PT-1016,18.529774,0.919918,1,2025-05-20,2025-06-17,28,
PFS,PT-1017,5.552361,5.092402,-1,2024-04-20,2024-09-22,155,
PFS,PT-1018,6.242300,0.755647,-1,2024-05-11,2024-06-03,23,
PFS,PT-1019,5.848049,2.299795,1,2024-04-29,2024-07-08,70,
PFS,PT-1020,6.997947,4.632444,1,2024-06-03,2024-10-22,141,
PFS,PT-1021,9.757700,4.731006,0,2024-08-26,2025-01-17,144,
PFS,PT-1022,9.921971,13.667351,0,2024-08-31,2025-10-21,416,
PFS,PT-1023,16.657084,8.114990,0,2025-03-24,2025-11-26,247,
PFS,PT-1024,18.464066,3.613963,0,2025-05-18,2025-09-05,110,
PFS,PT-1025,20.993840,5.026694,0,2025-08-03,2026-01-03,153,
PFS,PT-1026,11.696099,7.983573,1,2024-10-24,2025-06-24,243,
PFS,PT-1027,18.004107,3.055441,0,2025-05-04,2025-08-05,93,
PFS,PT-1028,0.558522,21.716632,0,2023-11-20,2025-09-11,661,
PFS,PT-1029,3.548255,19.154004,0,2024-02-19,2025-09-24,583,
PFS,PT-1030,5.420945,19.581109,0,2024-04-16,2025-12-03,596,
PFS,PT-1031,5.388090,16.788501,0,2024-04-15,2025-09-08,511,
PFS,PT-1032,5.815195,7.490760,1,2024-04-28,2024-12-12,228,
PFS,PT-1033,9.363450,4.205339,1,2024-08-14,2024-12-20,128,
PFS,PT-1034,8.706366,4.796715,1,2024-07-25,2024-12-18,146,
PFS,PT-1035,10.776181,11.564682,0,2024-09-26,2025-09-13,352,
PFS,PT-1036,12.418891,2.726899,1,2024-11-15,2025-02-06,83,
PFS,PT-1037,13.273101,11.531828,1,2024-12-11,2025-11-27,351,
PFS,PT-1038,12.845996,10.776181,0,2024-11-28,2025-10-22,328,
PFS,PT-1039,13.404517,11.630390,0,2024-12-15,2025-12-04,354,
PFS,PT-1040,13.831622,5.453799,1,2024-12-28,2025-06-12,166,
PFS,PT-1041,15.375770,7.326489,1,2025-02-13,2025-09-24,223,
PFS,PT-1042,15.802875,8.969199,0,2025-02-26,2025-11-26,273,
PFS,PT-1043,15.671458,8.804928,0,2025-02-22,2025-11-17,268,
PFS,PT-1044,3.416838,19.219713,1,2024-02-15,2025-09-22,585,
PFS,PT-1045,4.238193,19.745380,0,2024-03-11,2025-11-02,601,
PFS,PT-1046,6.078029,4.796715,1,2024-05-06,2024-09-29,146,
PFS,PT-1047,6.406571,13.371663,0,2024-05-16,2025-06-27,407,
PFS,PT-1048,6.570842,3.383984,1,2024-05-21,2024-09-01,103,
PFS,PT-1049,10.151951,3.811088,1,2024-09-07,2025-01-01,116,
PFS,PT-1050,9.560575,13.601643,1,2024-08-20,2025-10-08,414,
PFS,PT-1051,15.342916,10.381930,0,2025-02-12,2025-12-25,316,
PFS,PT-1052,19.548255,6.045175,0,2025-06-20,2025-12-21,184,
PFS,PT-1053,3.449692,19.712526,0,2024-02-16,2025-10-08,600,
PFS,PT-1054,6.045175,18.365503,0,2024-05-05,2025-11-15,559,
PFS,PT-1055,15.901437,8.509240,0,2025-03-01,2025-11-15,259,
PFS,PT-1056,18.299795,0.032854,-1,2025-05-13,2025-05-14,1,
PFS,PT-1057,0.722793,4.829569,1,2023-11-25,2024-04-20,147,
PFS,PT-1058,2.102669,21.880903,0,2024-01-06,2025-11-02,666,
PFS,PT-1059,4.172485,3.088296,1,2024-03-09,2024-06-11,94,
PFS,PT-1060,4.303901,3.449692,1,2024-03-13,2024-06-26,105,
PFS,PT-1061,5.552361,7.326489,1,2024-04-20,2024-11-29,223,
PFS,PT-1062,6.965092,4.369610,1,2024-06-02,2024-10-13,133,
PFS,PT-1063,8.903491,7.227926,1,2024-07-31,2025-03-08,220,
PFS,PT-1064,9.462012,13.864476,0,2024-08-17,2025-10-13,422,
PFS,PT-1065,4.895277,1.577002,-1,2024-03-31,2024-05-18,48,
PFS,PT-1066,5.420945,9.593429,1,2024-04-16,2025-02-02,292,
PFS,PT-1067,5.618070,16.624230,0,2024-04-22,2025-09-10,506,
PFS,PT-1068,9.067762,14.028747,0,2024-08-05,2025-10-06,427,
PFS,PT-1069,13.174538,8.246407,1,2024-12-08,2025-08-16,251,
PFS,PT-1070,12.024641,12.123203,1,2024-11-03,2025-11-07,369,
PFS,PT-1071,15.737166,3.449692,1,2025-02-24,2025-06-09,105,
PFS,PT-1072,15.178645,7.687885,0,2025-02-07,2025-09-29,234,
PFS,PT-1073,16.427105,8.049281,0,2025-03-17,2025-11-17,245,
PFS,PT-1074,9.757700,12.123203,1,2024-08-26,2025-08-30,369,
PFS,PT-1075,9.790554,9.494867,1,2024-08-27,2025-06-12,289,
PFS,PT-1076,11.761807,6.012320,1,2024-10-26,2025-04-27,183,
PFS,PT-1077,13.404517,7.622177,1,2024-12-15,2025-08-04,232,
PFS,PT-1078,11.827515,6.735113,1,2024-10-28,2025-05-21,205,
PFS,PT-1079,14.422998,9.034908,1,2025-01-15,2025-10-17,275,
PFS,PT-1080,14.160164,7.589322,0,2025-01-07,2025-08-26,231,
PFS,PT-1081,18.135524,6.997947,0,2025-05-08,2025-12-07,213,
PFS,PT-1082,18.004107,6.045175,0,2025-05-04,2025-11-04,184,
PFS,PT-1083,19.285421,4.139630,0,2025-06-12,2025-10-16,126,
PFS,PT-1084,16.032854,8.509240,0,2025-03-05,2025-11-19,259,
PFS,PT-1085,8.903491,14.291581,1,2024-07-31,2025-10-09,435,
PFS,PT-1086,10.184805,13.798768,0,2024-09-08,2025-11-02,420,
PFS,PT-1087,12.090349,12.090349,1,2024-11-05,2025-11-08,368,
PFS,PT-1088,15.145791,6.406571,1,2025-02-06,2025-08-20,195,
PFS,PT-1089,3.646817,9.429158,1,2024-02-22,2024-12-05,287,
PFS,PT-1090,12.254620,8.706366,1,2024-11-10,2025-08-02,265,
PFS,PT-1091,1.577002,22.669405,0,2023-12-21,2025-11-10,690,
PFS,PT-1092,10.710472,6.012320,1,2024-09-24,2025-03-26,183,
PFS,PT-1093,11.794661,12.057495,0,2024-10-27,2025-10-29,367,
PFS,PT-1094,12.057495,8.213552,1,2024-11-04,2025-07-12,250,
PFS,PT-1095,15.835729,6.899384,0,2025-02-27,2025-09-25,210,
PFS,PT-1096,18.102669,5.486653,1,2025-05-07,2025-10-21,167,
PFS,PT-1097,2.168378,9.823409,1,2024-01-08,2024-11-02,299,
PFS,PT-1098,7.885010,8.574949,1,2024-06-30,2025-03-18,261,
PFS,PT-1099,16.887064,6.045175,0,2025-03-31,2025-10-01,184,
PFS,PT-1100,18.464066,7.096509,0,2025-05-18,2025-12-20,216,
PFS,PT-1101,7.655031,16.952772,0,2024-06-23,2025-11-21,516,
PFS,PT-1102,16.689938,9.067762,0,2025-03-25,2025-12-26,276,
PFS,PT-1103,16.065708,6.800821,1,2025-03-06,2025-09-29,207,
PFS,PT-1104,18.464066,5.716632,1,2025-05-18,2025-11-08,174,
PFS,PT-1105,5.158111,7.063655,1,2024-04-08,2024-11-09,215,
PFS,PT-1106,5.388090,14.127310,1,2024-04-15,2025-06-19,430,
PFS,PT-1107,7.655031,5.453799,1,2024-06-23,2024-12-06,166,
PFS,PT-1108,9.133470,3.843943,1,2024-08-07,2024-12-02,117,
PFS,PT-1109,9.067762,13.733060,0,2024-08-05,2025-09-27,418,
PFS,PT-1110,10.053388,14.488706,0,2024-09-04,2025-11-19,441,
PFS,PT-1111,10.677618,5.289528,1,2024-09-23,2025-03-03,161,
PFS,PT-1112,11.071869,11.531828,0,2024-10-05,2025-09-21,351,
PFS,PT-1113,12.057495,3.745380,1,2024-11-04,2025-02-26,114,
PFS,PT-1114,11.071869,10.841889,1,2024-10-05,2025-08-31,330,
PFS,PT-1115,12.320329,11.367556,0,2024-11-12,2025-10-24,346,
PFS,PT-1116,13.535934,6.570842,1,2024-12-19,2025-07-07,200,
PFS,PT-1117,14.324435,2.431211,1,2025-01-12,2025-03-27,74,
PFS,PT-1118,15.342916,5.322382,1,2025-02-12,2025-07-24,162,
PFS,PT-1119,15.047228,5.650924,0,2025-02-03,2025-07-25,172,
PFS,PT-1120,16.229979,6.078029,1,2025-03-11,2025-09-12,185,
PFS,PT-1121,19.055441,7.425051,0,2025-06-05,2026-01-17,226,
PFS,PT-1122,9.856263,13.864476,0,2024-08-29,2025-10-25,422,
PFS,PT-1123,4.533881,0.032854,1,2024-03-20,2024-03-21,1,
PFS,PT-1124,6.439425,16.361396,1,2024-05-17,2025-09-27,498,
PFS,PT-1125,9.659138,14.324435,0,2024-08-23,2025-11-02,436,
PFS,PT-1126,12.386037,10.611910,1,2024-11-14,2025-10-03,323,
PFS,PT-1127,13.043121,11.367556,0,2024-12-04,2025-11-15,346,
PFS,PT-1128,12.845996,11.630390,0,2024-11-28,2025-11-17,354,
PFS,PT-1129,16.525667,7.523614,0,2025-03-20,2025-11-04,229,
PFS,PT-1130,18.398357,1.314168,1,2025-05-16,2025-06-25,40,
PFS,PT-1131,2.891170,9.560575,1,2024-01-30,2024-11-16,291,
PFS,PT-1132,7.983573,7.260780,1,2024-07-03,2025-02-09,221,
PFS,PT-1133,11.531828,12.386037,0,2024-10-19,2025-10-31,377,
PFS,PT-1134,17.412731,5.026694,1,2025-04-16,2025-09-16,153,
PFS,PT-1135,3.548255,10.611910,1,2024-02-19,2025-01-07,323,
PFS,PT-1136,4.566735,19.811088,0,2024-03-21,2025-11-14,603,
PFS,PT-1137,4.599589,5.322382,0,2024-03-22,2024-08-31,162,
PFS,PT-1138,5.322382,19.909651,0,2024-04-13,2025-12-10,606,
PFS,PT-1139,6.340862,2.365503,-1,2024-05-14,2024-07-25,72,
PFS,PT-1140,7.720739,16.229979,0,2024-06-25,2025-11-01,494,
PFS,PT-1141,7.227926,9.100616,1,2024-06-10,2025-03-14,277,
PFS,PT-1142,9.034908,13.568789,0,2024-08-04,2025-09-21,413,
PFS,PT-1143,8.969199,11.728953,1,2024-08-02,2025-07-25,357,
PFS,PT-1144,11.137577,14.225873,0,2024-10-07,2025-12-14,433,
PFS,PT-1145,10.940452,2.989733,1,2024-10-01,2024-12-31,91,
PFS,PT-1146,11.071869,10.480493,0,2024-10-05,2025-08-20,319,
PFS,PT-1147,12.911704,0.854209,1,2024-11-30,2024-12-26,26,
PFS,PT-1148,12.977413,4.928131,1,2024-12-02,2025-05-01,150,
PFS,PT-1149,14.258727,8.213552,1,2025-01-10,2025-09-17,250,
PFS,PT-1150,15.178645,5.946612,1,2025-02-07,2025-08-07,181,
PFS,PT-1151,15.835729,5.322382,1,2025-02-27,2025-08-08,162,
PFS,PT-1152,16.821355,8.213552,0,2025-03-29,2025-12-04,250,
PFS,PT-1153,0.065708,10.316222,1,2023-11-05,2024-09-14,314,
PFS,PT-1154,1.938398,4.041068,1,2024-01-01,2024-05-03,123,
PFS,PT-1155,4.139630,18.661191,0,2024-03-08,2025-09-27,568,
PFS,PT-1156,4.369610,6.209446,1,2024-03-15,2024-09-20,189,
PFS,PT-1157,7.096509,6.012320,-1,2024-06-06,2024-12-06,183,
PFS,PT-1158,13.404517,7.425051,0,2024-12-15,2025-07-29,226,
PFS,PT-1159,22.209446,2.529774,0,2025-09-09,2025-11-25,77,
PFS,PT-1160,0.689938,4.271047,1,2023-11-24,2024-04-02,130,
PFS,PT-1161,0.985626,9.363450,1,2023-12-03,2024-09-13,285,
PFS,PT-1162,1.182752,5.355236,1,2023-12-09,2024-05-20,163,
PFS,PT-1163,2.135524,14.193018,1,2024-01-07,2025-03-14,432,
PFS,PT-1164,3.252567,0.558522,-1,2024-02-10,2024-02-27,17,
PFS,PT-1165,5.256674,9.593429,1,2024-04-11,2025-01-28,292,
PFS,PT-1166,4.632444,19.811088,0,2024-03-23,2025-11-16,603,
PFS,PT-1167,5.716632,18.891170,0,2024-04-25,2025-11-21,575,
PFS,PT-1168,6.110883,7.490760,1,2024-05-07,2024-12-21,228,
PFS,PT-1169,5.979466,0.985626,1,2024-05-03,2024-06-02,30,
PFS,PT-1170,6.800821,8.870637,1,2024-05-28,2025-02-22,270,
PFS,PT-1171,6.997947,13.240246,1,2024-06-03,2025-07-11,403,
PFS,PT-1172,6.833676,17.182752,1,2024-05-29,2025-11-03,523,
PFS,PT-1173,8.114990,5.585216,-1,2024-07-07,2024-12-24,170,
PFS,PT-1174,6.735113,16.558522,0,2024-05-26,2025-10-12,504,
PFS,PT-1175,7.425051,4.632444,1,2024-06-16,2024-11-04,141,
PFS,PT-1176,7.983573,16.788501,0,2024-07-03,2025-11-26,511,
PFS,PT-1177,7.983573,10.020534,1,2024-07-03,2025-05-04,305,
PFS,PT-1178,8.969199,15.540041,1,2024-08-02,2025-11-18,473,
PFS,PT-1179,8.772074,4.862423,1,2024-07-27,2024-12-22,148,
PFS,PT-1180,8.542094,16.000000,0,2024-07-20,2025-11-19,487,
PFS,PT-1181,7.819302,5.815195,1,2024-06-28,2024-12-22,177,
PFS,PT-1182,8.312115,13.963039,0,2024-07-13,2025-09-11,425,
PFS,PT-1183,8.673511,7.655031,1,2024-07-24,2025-03-14,233,
PFS,PT-1184,10.250513,6.045175,1,2024-09-10,2025-03-13,184,
PFS,PT-1185,10.020534,10.743326,0,2024-09-03,2025-07-27,327,
PFS,PT-1186,9.921971,13.765914,0,2024-08-31,2025-10-24,419,
PFS,PT-1187,10.841889,5.815195,1,2024-09-28,2025-03-24,177,
PFS,PT-1188,11.334702,8.476386,0,2024-10-13,2025-06-28,258,
PFS,PT-1189,10.644764,6.176591,1,2024-09-22,2025-03-29,188,
PFS,PT-1190,12.616016,11.367556,0,2024-11-21,2025-11-02,346,
PFS,PT-1191,13.733060,10.316222,1,2024-12-25,2025-11-04,314,
PFS,PT-1192,13.305955,11.268994,0,2024-12-12,2025-11-20,343,
PFS,PT-1193,12.517454,6.965092,1,2024-11-18,2025-06-18,212,
PFS,PT-1194,13.371663,6.932238,0,2024-12-14,2025-07-13,211,
PFS,PT-1195,13.305955,9.396304,1,2024-12-12,2025-09-24,286,
PFS,PT-1196,15.342916,9.133470,0,2025-02-12,2025-11-17,278,
PFS,PT-1197,13.831622,9.856263,0,2024-12-28,2025-10-24,300,
PFS,PT-1198,15.605749,8.739220,0,2025-02-20,2025-11-13,266,
PFS,PT-1199,15.671458,8.936345,0,2025-02-22,2025-11-21,272,
PFS,PT-1200,15.408624,9.199179,0,2025-02-14,2025-11-21,280,
PFS,PT-1201,15.934292,7.096509,0,2025-03-02,2025-10-04,216,
PFS,PT-1202,15.770021,7.293634,1,2025-02-25,2025-10-05,222,
PFS,PT-1203,15.507187,7.819302,0,2025-02-17,2025-10-13,238,
PFS,PT-1204,15.934292,9.593429,0,2025-03-02,2025-12-19,292,
PFS,PT-1205,16.591376,6.965092,0,2025-03-22,2025-10-20,212,
PFS,PT-1206,16.459959,7.195072,1,2025-03-18,2025-10-23,219,
PFS,PT-1207,16.624230,6.570842,1,2025-03-23,2025-10-09,200,
PFS,PT-1208,16.328542,5.388090,1,2025-03-14,2025-08-25,164,
PFS,PT-1209,17.314168,7.392197,0,2025-04-13,2025-11-24,225,
PFS,PT-1210,16.525667,4.731006,1,2025-03-20,2025-08-11,144,
PFS,PT-1211,17.412731,8.903491,0,2025-04-16,2026-01-12,271,
PFS,PT-1212,16.525667,9.166324,1,2025-03-20,2025-12-24,279,
PFS,PT-1213,16.164271,5.749487,0,2025-03-09,2025-08-31,175,
PFS,PT-1214,18.069815,8.016427,1,2025-05-06,2026-01-05,244,
PFS,PT-1215,17.511294,6.439425,0,2025-04-19,2025-11-01,196,
PFS,PT-1216,16.854209,7.195072,0,2025-03-30,2025-11-04,219,
PFS,PT-1217,16.854209,5.256674,0,2025-03-30,2025-09-06,160,
PFS,PT-1218,17.314168,6.537988,0,2025-04-13,2025-10-29,199,
PFS,PT-1219,19.252567,6.472279,0,2025-06-11,2025-12-25,197,
PFS,PT-1220,18.792608,5.650924,0,2025-05-28,2025-11-16,172,
PFS,PT-1221,18.924025,3.876797,0,2025-06-01,2025-09-27,118,
PFS,PT-1222,19.055441,5.552361,0,2025-06-05,2025-11-21,169,
PFS,PT-1223,19.055441,5.026694,0,2025-06-05,2025-11-05,153,
PFS,PT-1224,19.416838,3.876797,0,2025-06-16,2025-10-12,118,
PFS,PT-1225,19.186858,3.186858,0,2025-06-09,2025-09-14,97,
PFS,PT-1226,18.595483,4.928131,1,2025-05-22,2025-10-19,150,
PFS,PT-1227,20.435318,3.581109,0,2025-07-17,2025-11-03,109,
PFS,PT-1228,20.731006,3.581109,0,2025-07-26,2025-11-12,109,
PFS,PT-1229,4.632444,20.073922,0,2024-03-23,2025-11-24,611,
PFS,PT-1230,4.665298,19.843943,0,2024-03-24,2025-11-18,604,
PFS,PT-1231,5.880903,13.601643,1,2024-04-30,2025-06-18,414,
PFS,PT-1232,9.889117,4.993840,1,2024-08-30,2025-01-29,152,
PFS,PT-1233,10.349076,14.127310,1,2024-09-13,2025-11-17,430,
PFS,PT-1234,16.558522,8.082136,0,2025-03-21,2025-11-22,246,
PFS,PT-1235,15.901437,6.833676,0,2025-03-01,2025-09-25,208,
PFS,PT-1236,1.084189,24.312115,0,2023-12-06,2025-12-15,740,
PFS,PT-1237,2.694045,10.743326,1,2024-01-24,2024-12-16,327,
PFS,PT-1238,9.297741,14.587269,0,2024-08-12,2025-10-30,444,
PFS,PT-1239,11.728953,10.677618,0,2024-10-25,2025-09-15,325,
PFS,PT-1240,4.763860,4.960986,1,2024-03-27,2024-08-25,151,
PFS,PT-1241,4.106776,4.435318,1,2024-03-07,2024-07-20,135,
PFS,PT-1242,4.205339,16.689938,0,2024-03-10,2025-07-31,508,
PFS,PT-1243,8.377823,16.065708,0,2024-07-15,2025-11-16,489,
PFS,PT-1244,7.096509,17.149897,0,2024-06-06,2025-11-10,522,
PFS,PT-1245,11.137577,10.743326,0,2024-10-07,2025-08-30,327,
PFS,PT-1246,11.958932,2.726899,1,2024-11-01,2025-01-23,83,
PFS,PT-1247,14.850103,10.020534,0,2025-01-28,2025-11-29,305,
PFS,PT-1248,16.000000,8.772074,0,2025-03-04,2025-11-26,267,
PFS,PT-1249,17.347023,6.340862,1,2025-04-14,2025-10-24,193,
PFS,PT-1250,16.821355,4.533881,-1,2025-03-29,2025-08-14,138,
PFS,PT-1251,20.073922,2.661191,0,2025-07-06,2025-09-25,81,
PFS,PT-1252,18.989733,6.110883,0,2025-06-03,2025-12-06,186,
PFS,PT-1253,18.628337,5.683778,0,2025-05-23,2025-11-12,173,
PFS,PT-1254,0.755647,21.880903,0,2023-11-26,2025-09-22,666,
PFS,PT-1255,5.782341,19.843943,0,2024-04-27,2025-12-22,604,
PFS,PT-1256,6.078029,19.449692,0,2024-05-06,2025-12-19,592,
PFS,PT-1257,5.453799,6.110883,1,2024-04-17,2024-10-20,186,
PFS,PT-1258,6.636550,4.205339,1,2024-05-23,2024-09-28,128,
PFS,PT-1259,8.903491,3.646817,1,2024-07-31,2024-11-19,111,
PFS,PT-1260,8.377823,7.917864,1,2024-07-15,2025-03-13,241,
PFS,PT-1261,8.870637,6.340862,1,2024-07-30,2025-02-08,193,
PFS,PT-1262,16.065708,8.016427,0,2025-03-06,2025-11-05,244,
PFS,PT-1263,0.000000,16.821355,1,2023-11-03,2025-03-29,512,
PFS,PT-1264,3.121150,4.632444,1,2024-02-06,2024-06-26,141,
PFS,PT-1265,1.905544,1.971253,1,2023-12-31,2024-02-29,60,
PFS,PT-1266,2.102669,5.815195,1,2024-01-06,2024-07-01,177,
PFS,PT-1267,3.942505,4.205339,-1,2024-03-02,2024-07-08,128,
PFS,PT-1268,2.989733,19.843943,0,2024-02-02,2025-09-28,604,
PFS,PT-1269,4.172485,6.045175,1,2024-03-09,2024-09-09,184,
PFS,PT-1270,4.501027,16.131417,1,2024-03-19,2025-07-23,491,
PFS,PT-1271,5.486653,16.919918,0,2024-04-18,2025-09-15,515,
PFS,PT-1272,5.256674,17.182752,1,2024-04-11,2025-09-16,523,
PFS,PT-1273,6.767967,8.706366,1,2024-05-27,2025-02-16,265,
PFS,PT-1274,7.129363,16.032854,0,2024-06-07,2025-10-08,488,
PFS,PT-1275,8.114990,3.778234,1,2024-07-07,2024-10-30,115,
PFS,PT-1276,9.626283,6.045175,1,2024-08-22,2025-02-22,184,
PFS,PT-1277,9.100616,4.073922,1,2024-08-06,2024-12-08,124,
PFS,PT-1278,10.447639,4.566735,1,2024-09-16,2025-02-02,139,
PFS,PT-1279,12.484600,9.691992,1,2024-11-17,2025-09-08,295,
PFS,PT-1280,12.845996,10.611910,0,2024-11-28,2025-10-17,323,
PFS,PT-1281,13.634497,11.761807,0,2024-12-22,2025-12-15,358,
PFS,PT-1282,13.535934,6.078029,1,2024-12-19,2025-06-22,185,
PFS,PT-1283,14.488706,11.728953,0,2025-01-17,2026-01-09,357,
PFS,PT-1284,14.357290,3.154004,1,2025-01-13,2025-04-19,96,
PFS,PT-1285,15.474333,8.410678,1,2025-02-16,2025-10-30,256,
PFS,PT-1286,16.788501,7.392197,0,2025-03-28,2025-11-08,225,
PFS,PT-1287,17.445585,7.523614,1,2025-04-17,2025-12-02,229,
PFS,PT-1288,5.618070,19.252567,0,2024-04-22,2025-11-29,586,
PFS,PT-1289,6.373717,3.778234,1,2024-05-15,2024-09-07,115,
PFS,PT-1290,10.086242,8.739220,1,2024-09-05,2025-05-29,266,
PFS,PT-1291,12.254620,0.722793,1,2024-11-10,2024-12-02,22,
PFS,PT-1292,13.470226,0.032854,-1,2024-12-17,2024-12-18,1,
PFS,PT-1293,12.780287,11.564682,0,2024-11-26,2025-11-13,352,
PFS,PT-1294,14.028747,11.433265,0,2025-01-03,2025-12-17,348,
PFS,PT-1295,15.080082,9.856263,0,2025-02-04,2025-12-01,300,
PFS,PT-1296,17.806982,6.997947,0,2025-04-28,2025-11-27,213,
PFS,PT-1297,7.687885,16.525667,0,2024-06-24,2025-11-09,503,
PFS,PT-1298,7.753593,12.681725,0,2024-06-26,2025-07-17,386,
PFS,PT-1299,10.283368,2.924025,0,2024-09-11,2024-12-09,89,
PFS,PT-1300,13.010267,1.281314,-1,2024-12-03,2025-01-11,39,
PFS,PT-1301,12.648871,10.611910,0,2024-11-22,2025-10-11,323,
PFS,PT-1302,12.845996,9.034908,0,2024-11-28,2025-08-30,275,
PFS,PT-1303,13.108830,2.299795,1,2024-12-06,2025-02-14,70,
PFS,PT-1304,15.868583,5.420945,1,2025-02-28,2025-08-12,165,
PFS,PT-1305,6.209446,9.199179,1,2024-05-10,2025-02-14,280,
PFS,PT-1306,9.396304,13.864476,0,2024-08-15,2025-10-11,422,
PFS,PT-1307,9.199179,9.133470,1,2024-08-09,2025-05-14,278,
PFS,PT-1308,13.864476,5.618070,0,2024-12-29,2025-06-18,171,
PFS,PT-1309,5.650924,0.065708,1,2024-04-23,2024-04-25,2,
PFS,PT-1310,5.716632,18.628337,1,2024-04-25,2025-11-13,567,
PFS,PT-1311,6.340862,2.234086,-1,2024-05-14,2024-07-21,68,
PFS,PT-1312,17.774127,4.435318,1,2025-04-27,2025-09-09,135,
PFS,PT-1313,18.858316,4.796715,1,2025-05-30,2025-10-23,146,
PFS,PT-1314,19.712526,1.544148,1,2025-06-25,2025-08-11,47,
PFS,PT-1315,7.096509,16.131417,1,2024-06-06,2025-10-10,491,
PFS,PT-1316,13.700205,9.330595,0,2024-12-24,2025-10-04,284,
PFS,PT-1317,8.640657,5.453799,1,2024-07-23,2025-01-05,166,
PFS,PT-1318,13.174538,10.973306,0,2024-12-08,2025-11-07,334,
PFS,PT-1319,16.427105,7.589322,0,2025-03-17,2025-11-03,231,
PFS,PT-1320,17.478439,7.425051,0,2025-04-18,2025-11-30,226,
PFS,PT-1321,18.759754,6.833676,0,2025-05-27,2025-12-21,208,
PFS,PT-1322,18.135524,5.059548,0,2025-05-08,2025-10-09,154,
PFS,PT-1323,17.938398,5.190965,0,2025-05-02,2025-10-07,158,
PFS,PT-1324,6.176591,9.527721,1,2024-05-09,2025-02-23,290,
PFS,PT-1325,4.960986,4.139630,1,2024-04-02,2024-08-06,126,
PFS,PT-1326,4.599589,2.694045,1,2024-03-22,2024-06-12,82,
PFS,PT-1327,4.238193,18.891170,0,2024-03-11,2025-10-07,575,
PFS,PT-1328,11.334702,4.501027,1,2024-10-13,2025-02-27,137,
PFS,PT-1329,9.560575,14.324435,0,2024-08-20,2025-10-30,436,
PFS,PT-1330,11.466119,5.749487,1,2024-10-17,2025-04-10,175,
PFS,PT-1331,13.568789,7.425051,0,2024-12-20,2025-08-03,226,
PFS,PT-1332,15.244353,3.843943,0,2025-02-09,2025-06-06,117,
PFS,PT-1333,19.055441,4.960986,1,2025-06-05,2025-11-03,151,
PFS,PT-1334,19.154004,4.369610,0,2025-06-08,2025-10-19,133,
PFS,PT-1335,13.963039,8.837782,1,2025-01-01,2025-09-27,269,
PFS,PT-1336,14.850103,2.694045,1,2025-01-28,2025-04-20,82,
PFS,PT-1337,14.455852,9.429158,1,2025-01-16,2025-10-30,287,
PFS,PT-1338,15.507187,8.870637,0,2025-02-17,2025-11-14,270,
PFS,PT-1339,16.197125,2.299795,1,2025-03-10,2025-05-19,70,
