usubjid,trialsdt,randdt,adt,cutoffdt,status,aval
PT-1001,2023-11-03,2023-12-14,2024-08-20,2026-01-15,1,250
PT-1002,2023-11-03,2024-02-05,2025-12-23,2026-01-15,0,687
PT-1003,2023-11-03,2024-02-07,2024-09-03,2026-01-15,1,209
PT-1004,2023-11-03,2024-02-24,2025-09-15,2026-01-15,0,569
PT-1005,2023-11-03,2024-03-14,2025-10-09,2026-01-15,0,574
PT-1006,2023-11-03,2024-06-12,2024-12-09,2026-01-15,1,180
PT-1007,2023-11-03,2024-08-25,2025-10-13,2026-01-15,1,414
PT-1008,2023-11-03,2024-12-06,2025-04-19,2026-01-15,1,134
PT-1009,2023-11-03,2025-02-04,2025-03-12,2026-01-15,0,36
PT-1010,2023-11-03,2024-12-30,2025-10-08,2026-01-15,0,282
PT-1011,2023-11-03,2025-04-10,2025-11-24,2026-01-15,0,228
PT-1012,2023-11-03,2025-05-09,2025-11-02,2026-01-15,1,177
PT-1013,2023-11-03,2025-04-30,2025-11-06,2026-01-15,1,190
PT-1014,2023-11-03,2025-04-18,2025-10-16,2026-01-15,1,181
PT-1015,2023-11-03,2025-06-13,2025-12-07,2026-01-15,1,177
PT-1016,2023-11-03,2025-05-20,2025-06-17,2026-01-15,1,28
PT-1017,2023-11-03,2024-04-20,2024-09-22,2026-01-15,-1,155
PT-1018,2023-11-03,2024-05-11,2024-06-03,2026-01-15,-1,23
PT-1019,2023-11-03,2024-04-29,2024-07-08,2026-01-15,1,70
PT-1020,2023-11-03,2024-06-03,2024-10-22,2026-01-15,1,141
PT-1021,2023-11-03,2024-08-26,2025-01-17,2026-01-15,0,144
PT-1022,2023-11-03,2024-08-31,2025-10-21,2026-01-15,0,416
PT-1023,2023-11-03,2025-03-24,2025-11-26,2026-01-15,0,247
PT-1024,2023-11-03,2025-05-18,2025-09-05,2026-01-15,0,110
PT-1025,2023-11-03,2025-08-03,2026-01-03,2026-01-15,0,153
PT-1026,2023-11-03,2024-10-24,2025-06-24,2026-01-15,1,243
PT-1027,2023-11-03,2025-05-04,2025-08-05,2026-01-15,0,93
PT-1028,2023-11-03,2023-11-20,2025-09-11,2026-01-15,0,661
PT-1029,2023-11-03,2024-02-19,2025-09-24,2026-01-15,0,583
PT-1030,2023-11-03,2024-04-16,2025-12-03,2026-01-15,0,596
PT-1031,2023-11-03,2024-04-15,2025-09-08,2026-01-15,0,511
PT-1032,2023-11-03,2024-04-28,2024-12-12,2026-01-15,1,228
PT-1033,2023-11-03,2024-08-14,2024-12-20,2026-01-15,1,128
PT-1034,2023-11-03,2024-07-25,2024-12-18,2026-01-15,1,146
PT-1035,2023-11-03,2024-09-26,2025-09-13,2026-01-15,0,352
PT-1036,2023-11-03,2024-11-15,2025-02-06,2026-01-15,1,83
PT-1037,2023-11-03,2024-12-11,2025-11-27,2026-01-15,1,351
PT-1038,2023-11-03,2024-11-28,2025-10-22,2026-01-15,0,328
PT-1039,2023-11-03,2024-12-15,2025-12-04,2026-01-15,0,354
PT-1040,2023-11-03,2024-12-28,2025-06-12,2026-01-15,1,166
PT-1041,2023-11-03,2025-02-13,2025-09-24,2026-01-15,1,223
PT-1042,2023-11-03,2025-02-26,2025-11-26,2026-01-15,0,273
PT-1043,2023-11-03,2025-02-22,2025-11-17,2026-01-15,0,268
PT-1044,2023-11-03,2024-02-15,2025-09-22,2026-01-15,1,585
PT-1045,2023-11-03,2024-03-11,2025-11-02,2026-01-15,0,601
PT-1046,2023-11-03,2024-05-06,2024-09-29,2026-01-15,1,146
PT-1047,2023-11-03,2024-05-16,2025-06-27,2026-01-15,0,407
PT-1048,2023-11-03,2024-05-21,2024-09-01,2026-01-15,1,103
PT-1049,2023-11-03,2024-09-07,2025-01-01,2026-01-15,1,116
PT-1050,2023-11-03,2024-08-20,2025-10-08,2026-01-15,1,414
PT-1051,2023-11-03,2025-02-12,2025-12-25,2026-01-15,0,316
PT-1052,2023-11-03,2025-06-20,2025-12-21,2026-01-15,0,184
PT-1053,2023-11-03,2024-02-16,2025-10-08,2026-01-15,0,600
PT-1054,2023-11-03,2024-05-05,2025-11-15,2026-01-15,0,559
PT-1055,2023-11-03,2025-03-01,2025-11-15,2026-01-15,0,259
PT-1056,2023-11-03,2025-05-13,2025-05-14,2026-01-15,-1,1
PT-1057,2023-11-03,2023-11-25,2024-04-20,2026-01-15,1,147
PT-1058,2023-11-03,2024-01-06,2025-11-02,2026-01-15,0,666
PT-1059,2023-11-03,2024-03-09,2024-06-11,2026-01-15,1,94
PT-1060,2023-11-03,2024-03-13,2024-06-26,2026-01-15,1,105
PT-1061,2023-11-03,2024-04-20,2024-11-29,2026-01-15,1,223
PT-1062,2023-11-03,2024-06-02,2024-10-13,2026-01-15,1,133
PT-1063,2023-11-03,2024-07-31,2025-03-08,2026-01-15,1,220
PT-1064,2023-11-03,2024-08-17,2025-10-13,2026-01-15,0,422
PT-1065,2023-11-03,2024-03-31,2024-05-18,2026-01-15,-1,48
PT-1066,2023-11-03,2024-04-16,2025-02-02,2026-01-15,1,292
PT-1067,2023-11-03,2024-04-22,2025-09-10,2026-01-15,0,506
PT-1068,2023-11-03,2024-08-05,2025-10-06,2026-01-15,0,427
PT-1069,2023-11-03,2024-12-08,2025-08-16,2026-01-15,1,251
PT-1070,2023-11-03,2024-11-03,2025-11-07,2026-01-15,1,369
PT-1071,2023-11-03,2025-02-24,2025-06-09,2026-01-15,1,105
PT-1072,2023-11-03,2025-02-07,2025-09-29,2026-01-15,0,234
PT-1073,2023-11-03,2025-03-17,2025-11-17,2026-01-15,0,245
PT-1074,2023-11-03,2024-08-26,2025-08-30,2026-01-15,1,369
PT-1075,2023-11-03,2024-08-27,2025-06-12,2026-01-15,1,289
PT-1076,2023-11-03,2024-10-26,2025-04-27,2026-01-15,1,183
PT-1077,2023-11-03,2024-12-15,2025-08-04,2026-01-15,1,232
PT-1078,2023-11-03,2024-10-28,2025-05-21,2026-01-15,1,205
PT-1079,2023-11-03,2025-01-15,2025-10-17,2026-01-15,1,275
PT-1080,2023-11-03,2025-01-07,2025-08-26,2026-01-15,0,231
PT-1081,2023-11-03,2025-05-08,2025-12-07,2026-01-15,0,213
PT-1082,2023-11-03,2025-05-04,2025-11-04,2026-01-15,0,184
PT-1083,2023-11-03,2025-06-12,2025-10-16,2026-01-15,0,126
PT-1084,2023-11-03,2025-03-05,2025-11-19,2026-01-15,0,259
PT-1085,2023-11-03,2024-07-31,2025-10-09,2026-01-15,1,435
PT-1086,2023-11-03,2024-09-08,2025-11-02,2026-01-15,0,420
PT-1087,2023-11-03,2024-11-05,2025-11-08,2026-01-15,1,368
PT-1088,2023-11-03,2025-02-06,2025-08-20,2026-01-15,1,195
PT-1089,2023-11-03,2024-02-22,2024-12-05,2026-01-15,1,287
PT-1090,2023-11-03,2024-11-10,2025-08-02,2026-01-15,1,265
PT-1091,2023-11-03,2023-12-21,2025-11-10,2026-01-15,0,690
PT-1092,2023-11-03,2024-09-24,2025-03-26,2026-01-15,1,183
PT-1093,2023-11-03,2024-10-27,2025-10-29,2026-01-15,0,367
PT-1094,2023-11-03,2024-11-04,2025-07-12,2026-01-15,1,250
PT-1095,2023-11-03,2025-02-27,2025-09-25,2026-01-15,0,210
PT-1096,2023-11-03,2025-05-07,2025-10-21,2026-01-15,1,167
PT-1097,2023-11-03,2024-01-08,2024-11-02,2026-01-15,1,299
PT-1098,2023-11-03,2024-06-30,2025-03-18,2026-01-15,1,261
PT-1099,2023-11-03,2025-03-31,2025-10-01,2026-01-15,0,184
PT-1100,2023-11-03,2025-05-18,2025-12-20,2026-01-15,0,216
PT-1101,2023-11-03,2024-06-23,2025-11-21,2026-01-15,0,516
PT-1102,2023-11-03,2025-03-25,2025-12-26,2026-01-15,0,276
PT-1103,2023-11-03,2025-03-06,2025-09-29,2026-01-15,1,207
PT-1104,2023-11-03,2025-05-18,2025-11-08,2026-01-15,1,174
PT-1105,2023-11-03,2024-04-08,2024-11-09,2026-01-15,1,215
PT-1106,2023-11-03,2024-04-15,2025-06-19,2026-01-15,1,430
PT-1107,2023-11-03,2024-06-23,2024-12-06,2026-01-15,1,166
PT-1108,2023-11-03,2024-08-07,2024-12-02,2026-01-15,1,117
PT-1109,2023-11-03,2024-08-05,2025-09-27,2026-01-15,0,418
PT-1110,2023-11-03,2024-09-04,2025-11-19,2026-01-15,0,441
PT-1111,2023-11-03,2024-09-23,2025-03-03,2026-01-15,1,161
PT-1112,2023-11-03,2024-10-05,2025-09-21,2026-01-15,0,351
PT-1113,2023-11-03,2024-11-04,2025-02-26,2026-01-15,1,114
PT-1114,2023-11-03,2024-10-05,2025-08-31,2026-01-15,1,330
PT-1115,2023-11-03,2024-11-12,2025-10-24,2026-01-15,0,346
PT-1116,2023-11-03,2024-12-19,2025-07-07,2026-01-15,1,200
PT-1117,2023-11-03,2025-01-12,2025-03-27,2026-01-15,1,74
PT-1118,2023-11-03,2025-02-12,2025-07-24,2026-01-15,1,162
PT-1119,2023-11-03,2025-02-03,2025-07-25,2026-01-15,0,172
PT-1120,2023-11-03,2025-03-11,2025-09-12,2026-01-15,1,185
PT-1121,2023-11-03,2025-06-05,2026-01-17,2026-01-15,0,226
PT-1122,2023-11-03,2024-08-29,2025-10-25,2026-01-15,0,422
PT-1123,2023-11-03,2024-03-20,2024-03-21,2026-01-15,1,1
PT-1124,2023-11-03,2024-05-17,2025-09-27,2026-01-15,1,498
PT-1125,2023-11-03,2024-08-23,2025-11-02,2026-01-15,0,436
PT-1126,2023-11-03,2024-11-14,2025-10-03,2026-01-15,1,323
PT-1127,2023-11-03,2024-12-04,2025-11-15,2026-01-15,0,346
PT-1128,2023-11-03,2024-11-28,2025-11-17,2026-01-15,0,354
PT-1129,2023-11-03,2025-03-20,2025-11-04,2026-01-15,0,229
PT-1130,2023-11-03,2025-05-16,2025-06-25,2026-01-15,1,40
PT-1131,2023-11-03,2024-01-30,2024-11-16,2026-01-15,1,291
PT-1132,2023-11-03,2024-07-03,2025-02-09,2026-01-15,1,221
PT-1133,2023-11-03,2024-10-19,2025-10-31,2026-01-15,0,377
PT-1134,2023-11-03,2025-04-16,2025-09-16,2026-01-15,1,153
PT-1135,2023-11-03,2024-02-19,2025-01-07,2026-01-15,1,323
PT-1136,2023-11-03,2024-03-21,2025-11-14,2026-01-15,0,603
PT-1137,2023-11-03,2024-03-22,2024-08-31,2026-01-15,0,162
PT-1138,2023-11-03,2024-04-13,2025-12-10,2026-01-15,0,606
PT-1139,2023-11-03,2024-05-14,2024-07-25,2026-01-15,-1,72
PT-1140,2023-11-03,2024-06-25,2025-11-01,2026-01-15,0,494
PT-1141,2023-11-03,2024-06-10,2025-03-14,2026-01-15,1,277
PT-1142,2023-11-03,2024-08-04,2025-09-21,2026-01-15,0,413
PT-1143,2023-11-03,2024-08-02,2025-07-25,2026-01-15,1,357
PT-1144,2023-11-03,2024-10-07,2025-12-14,2026-01-15,0,433
PT-1145,2023-11-03,2024-10-01,2024-12-31,2026-01-15,1,91
PT-1146,2023-11-03,2024-10-05,2025-08-20,2026-01-15,0,319
PT-1147,2023-11-03,2024-11-30,2024-12-26,2026-01-15,1,26
PT-1148,2023-11-03,2024-12-02,2025-05-01,2026-01-15,1,150
PT-1149,2023-11-03,2025-01-10,2025-09-17,2026-01-15,1,250
PT-1150,2023-11-03,2025-02-07,2025-08-07,2026-01-15,1,181
PT-1151,2023-11-03,2025-02-27,2025-08-08,2026-01-15,1,162
PT-1152,2023-11-03,2025-03-29,2025-12-04,2026-01-15,0,250
PT-1153,2023-11-03,2023-11-05,2024-09-14,2026-01-15,1,314
PT-1154,2023-11-03,2024-01-01,2024-05-03,2026-01-15,1,123
PT-1155,2023-11-03,2024-03-08,2025-09-27,2026-01-15,0,568
PT-1156,2023-11-03,2024-03-15,2024-09-20,2026-01-15,1,189
PT-1157,2023-11-03,2024-06-06,2024-12-06,2026-01-15,-1,183
PT-1158,2023-11-03,2024-12-15,2025-07-29,2026-01-15,0,226
PT-1159,2023-11-03,2025-09-09,2025-11-25,2026-01-15,0,77
PT-1160,2023-11-03,2023-11-24,2024-04-02,2026-01-15,1,130
PT-1161,2023-11-03,2023-12-03,2024-09-13,2026-01-15,1,285
PT-1162,2023-11-03,2023-12-09,2024-05-20,2026-01-15,1,163
PT-1163,2023-11-03,2024-01-07,2025-03-14,2026-01-15,1,432
PT-1164,2023-11-03,2024-02-10,2024-02-27,2026-01-15,-1,17
PT-1165,2023-11-03,2024-04-11,2025-01-28,2026-01-15,1,292
PT-1166,2023-11-03,2024-03-23,2025-11-16,2026-01-15,0,603
PT-1167,2023-11-03,2024-04-25,2025-11-21,2026-01-15,0,575
PT-1168,2023-11-03,2024-05-07,2024-12-21,2026-01-15,1,228
PT-1169,2023-11-03,2024-05-03,2024-06-02,2026-01-15,1,30
PT-1170,2023-11-03,2024-05-28,2025-02-22,2026-01-15,1,270
PT-1171,2023-11-03,2024-06-03,2025-07-11,2026-01-15,1,403
PT-1172,2023-11-03,2024-05-29,2025-11-03,2026-01-15,1,523
PT-1173,2023-11-03,2024-07-07,2024-12-24,2026-01-15,-1,170
PT-1174,2023-11-03,2024-05-26,2025-10-12,2026-01-15,0,504
PT-1175,2023-11-03,2024-06-16,2024-11-04,2026-01-15,1,141
PT-1176,2023-11-03,2024-07-03,2025-11-26,2026-01-15,0,511
PT-1177,2023-11-03,2024-07-03,2025-05-04,2026-01-15,1,305
PT-1178,2023-11-03,2024-08-02,2025-11-18,2026-01-15,1,473
PT-1179,2023-11-03,2024-07-27,2024-12-22,2026-01-15,1,148
PT-1180,2023-11-03,2024-07-20,2025-11-19,2026-01-15,0,487
PT-1181,2023-11-03,2024-06-28,2024-12-22,2026-01-15,1,177
PT-1182,2023-11-03,2024-07-13,2025-09-11,2026-01-15,0,425
PT-1183,2023-11-03,2024-07-24,2025-03-14,2026-01-15,1,233
PT-1184,2023-11-03,2024-09-10,2025-03-13,2026-01-15,1,184
PT-1185,2023-11-03,2024-09-03,2025-07-27,2026-01-15,0,327
PT-1186,2023-11-03,2024-08-31,2025-10-24,2026-01-15,0,419
PT-1187,2023-11-03,2024-09-28,2025-03-24,2026-01-15,1,177
PT-1188,2023-11-03,2024-10-13,2025-06-28,2026-01-15,0,258
PT-1189,2023-11-03,2024-09-22,2025-03-29,2026-01-15,1,188
PT-1190,2023-11-03,2024-11-21,2025-11-02,2026-01-15,0,346
PT-1191,2023-11-03,2024-12-25,2025-11-04,2026-01-15,1,314
PT-1192,2023-11-03,2024-12-12,2025-11-20,2026-01-15,0,343
PT-1193,2023-11-03,2024-11-18,2025-06-18,2026-01-15,1,212
PT-1194,2023-11-03,2024-12-14,2025-07-13,2026-01-15,0,211
PT-1195,2023-11-03,2024-12-12,2025-09-24,2026-01-15,1,286
PT-1196,2023-11-03,2025-02-12,2025-11-17,2026-01-15,0,278
PT-1197,2023-11-03,2024-12-28,2025-10-24,2026-01-15,0,300
PT-1198,2023-11-03,2025-02-20,2025-11-13,2026-01-15,0,266
PT-1199,2023-11-03,2025-02-22,2025-11-21,2026-01-15,0,272
PT-1200,2023-11-03,2025-02-14,2025-11-21,2026-01-15,0,280
PT-1201,2023-11-03,2025-03-02,2025-10-04,2026-01-15,0,216
PT-1202,2023-11-03,2025-02-25,2025-10-05,2026-01-15,1,222
PT-1203,2023-11-03,2025-02-17,2025-10-13,2026-01-15,0,238
PT-1204,2023-11-03,2025-03-02,2025-12-19,2026-01-15,0,292
PT-1205,2023-11-03,2025-03-22,2025-10-20,2026-01-15,0,212
PT-1206,2023-11-03,2025-03-18,2025-10-23,2026-01-15,1,219
PT-1207,2023-11-03,2025-03-23,2025-10-09,2026-01-15,1,200
PT-1208,2023-11-03,2025-03-14,2025-08-25,2026-01-15,1,164
PT-1209,2023-11-03,2025-04-13,2025-11-24,2026-01-15,0,225
PT-1210,2023-11-03,2025-03-20,2025-08-11,2026-01-15,1,144
PT-1211,2023-11-03,2025-04-16,2026-01-12,2026-01-15,0,271
PT-1212,2023-11-03,2025-03-20,2025-12-24,2026-01-15,1,279
PT-1213,2023-11-03,2025-03-09,2025-08-31,2026-01-15,0,175
PT-1214,2023-11-03,2025-05-06,2026-01-05,2026-01-15,1,244
PT-1215,2023-11-03,2025-04-19,2025-11-01,2026-01-15,0,196
PT-1216,2023-11-03,2025-03-30,2025-11-04,2026-01-15,0,219
PT-1217,2023-11-03,2025-03-30,2025-09-06,2026-01-15,0,160
PT-1218,2023-11-03,2025-04-13,2025-10-29,2026-01-15,0,199
PT-1219,2023-11-03,2025-06-11,2025-12-25,2026-01-15,0,197
PT-1220,2023-11-03,2025-05-28,2025-11-16,2026-01-15,0,172
PT-1221,2023-11-03,2025-06-01,2025-09-27,2026-01-15,0,118
PT-1222,2023-11-03,2025-06-05,2025-11-21,2026-01-15,0,169
PT-1223,2023-11-03,2025-06-05,2025-11-05,2026-01-15,0,153
PT-1224,2023-11-03,2025-06-16,2025-10-12,2026-01-15,0,118
PT-1225,2023-11-03,2025-06-09,2025-09-14,2026-01-15,0,97
PT-1226,2023-11-03,2025-05-22,2025-10-19,2026-01-15,1,150
PT-1227,2023-11-03,2025-07-17,2025-11-03,2026-01-15,0,109
PT-1228,2023-11-03,2025-07-26,2025-11-12,2026-01-15,0,109
PT-1229,2023-11-03,2024-03-23,2025-11-24,2026-01-15,0,611
PT-1230,2023-11-03,2024-03-24,2025-11-18,2026-01-15,0,604
PT-1231,2023-11-03,2024-04-30,2025-06-18,2026-01-15,1,414
PT-1232,2023-11-03,2024-08-30,2025-01-29,2026-01-15,1,152
PT-1233,2023-11-03,2024-09-13,2025-11-17,2026-01-15,1,430
PT-1234,2023-11-03,2025-03-21,2025-11-22,2026-01-15,0,246
PT-1235,2023-11-03,2025-03-01,2025-09-25,2026-01-15,0,208
PT-1236,2023-11-03,2023-12-06,2025-12-15,2026-01-15,0,740
PT-1237,2023-11-03,2024-01-24,2024-12-16,2026-01-15,1,327
PT-1238,2023-11-03,2024-08-12,2025-10-30,2026-01-15,0,444
PT-1239,2023-11-03,2024-10-25,2025-09-15,2026-01-15,0,325
PT-1240,2023-11-03,2024-03-27,2024-08-25,2026-01-15,1,151
PT-1241,2023-11-03,2024-03-07,2024-07-20,2026-01-15,1,135
PT-1242,2023-11-03,2024-03-10,2025-07-31,2026-01-15,0,508
PT-1243,2023-11-03,2024-07-15,2025-11-16,2026-01-15,0,489
PT-1244,2023-11-03,2024-06-06,2025-11-10,2026-01-15,0,522
PT-1245,2023-11-03,2024-10-07,2025-08-30,2026-01-15,0,327
PT-1246,2023-11-03,2024-11-01,2025-01-23,2026-01-15,1,83
PT-1247,2023-11-03,2025-01-28,2025-11-29,2026-01-15,0,305
PT-1248,2023-11-03,2025-03-04,2025-11-26,2026-01-15,0,267
PT-1249,2023-11-03,2025-04-14,2025-10-24,2026-01-15,1,193
PT-1250,2023-11-03,2025-03-29,2025-08-14,2026-01-15,-1,138
PT-1251,2023-11-03,2025-07-06,2025-09-25,2026-01-15,0,81
PT-1252,2023-11-03,2025-06-03,2025-12-06,2026-01-15,0,186
PT-1253,2023-11-03,2025-05-23,2025-11-12,2026-01-15,0,173
PT-1254,2023-11-03,2023-11-26,2025-09-22,2026-01-15,0,666
PT-1255,2023-11-03,2024-04-27,2025-12-22,2026-01-15,0,604
PT-1256,2023-11-03,2024-05-06,2025-12-19,2026-01-15,0,592
PT-1257,2023-11-03,2024-04-17,2024-10-20,2026-01-15,1,186
PT-1258,2023-11-03,2024-05-23,2024-09-28,2026-01-15,1,128
PT-1259,2023-11-03,2024-07-31,2024-11-19,2026-01-15,1,111
PT-1260,2023-11-03,2024-07-15,2025-03-13,2026-01-15,1,241
PT-1261,2023-11-03,2024-07-30,2025-02-08,2026-01-15,1,193
PT-1262,2023-11-03,2025-03-06,2025-11-05,2026-01-15,0,244
PT-1263,2023-11-03,2023-11-03,2025-03-29,2026-01-15,1,512
PT-1264,2023-11-03,2024-02-06,2024-06-26,2026-01-15,1,141
PT-1265,2023-11-03,2023-12-31,2024-02-29,2026-01-15,1,60
PT-1266,2023-11-03,2024-01-06,2024-07-01,2026-01-15,1,177
PT-1267,2023-11-03,2024-03-02,2024-07-08,2026-01-15,-1,128
PT-1268,2023-11-03,2024-02-02,2025-09-28,2026-01-15,0,604
PT-1269,2023-11-03,2024-03-09,2024-09-09,2026-01-15,1,184
PT-1270,2023-11-03,2024-03-19,2025-07-23,2026-01-15,1,491
PT-1271,2023-11-03,2024-04-18,2025-09-15,2026-01-15,0,515
PT-1272,2023-11-03,2024-04-11,2025-09-16,2026-01-15,1,523
PT-1273,2023-11-03,2024-05-27,2025-02-16,2026-01-15,1,265
PT-1274,2023-11-03,2024-06-07,2025-10-08,2026-01-15,0,488
PT-1275,2023-11-03,2024-07-07,2024-10-30,2026-01-15,1,115
PT-1276,2023-11-03,2024-08-22,2025-02-22,2026-01-15,1,184
PT-1277,2023-11-03,2024-08-06,2024-12-08,2026-01-15,1,124
PT-1278,2023-11-03,2024-09-16,2025-02-02,2026-01-15,1,139
PT-1279,2023-11-03,2024-11-17,2025-09-08,2026-01-15,1,295
PT-1280,2023-11-03,2024-11-28,2025-10-17,2026-01-15,0,323
PT-1281,2023-11-03,2024-12-22,2025-12-15,2026-01-15,0,358
PT-1282,2023-11-03,2024-12-19,2025-06-22,2026-01-15,1,185
PT-1283,2023-11-03,2025-01-17,2026-01-09,2026-01-15,0,357
PT-1284,2023-11-03,2025-01-13,2025-04-19,2026-01-15,1,96
PT-1285,2023-11-03,2025-02-16,2025-10-30,2026-01-15,1,256
PT-1286,2023-11-03,2025-03-28,2025-11-08,2026-01-15,0,225
PT-1287,2023-11-03,2025-04-17,2025-12-02,2026-01-15,1,229
PT-1288,2023-11-03,2024-04-22,2025-11-29,2026-01-15,0,586
PT-1289,2023-11-03,2024-05-15,2024-09-07,2026-01-15,1,115
PT-1290,2023-11-03,2024-09-05,2025-05-29,2026-01-15,1,266
PT-1291,2023-11-03,2024-11-10,2024-12-02,2026-01-15,1,22
PT-1292,2023-11-03,2024-12-17,2024-12-18,2026-01-15,-1,1
PT-1293,2023-11-03,2024-11-26,2025-11-13,2026-01-15,0,352
PT-1294,2023-11-03,2025-01-03,2025-12-17,2026-01-15,0,348
PT-1295,2023-11-03,2025-02-04,2025-12-01,2026-01-15,0,300
PT-1296,2023-11-03,2025-04-28,2025-11-27,2026-01-15,0,213
PT-1297,2023-11-03,2024-06-24,2025-11-09,2026-01-15,0,503
PT-1298,2023-11-03,2024-06-26,2025-07-17,2026-01-15,0,386
PT-1299,2023-11-03,2024-09-11,2024-12-09,2026-01-15,0,89
PT-1300,2023-11-03,2024-12-03,2025-01-11,2026-01-15,-1,39
PT-1301,2023-11-03,2024-11-22,2025-10-11,2026-01-15,0,323
PT-1302,2023-11-03,2024-11-28,2025-08-30,2026-01-15,0,275
PT-1303,2023-11-03,2024-12-06,2025-02-14,2026-01-15,1,70
PT-1304,2023-11-03,2025-02-28,2025-08-12,2026-01-15,1,165
PT-1305,2023-11-03,2024-05-10,2025-02-14,2026-01-15,1,280
PT-1306,2023-11-03,2024-08-15,2025-10-11,2026-01-15,0,422
PT-1307,2023-11-03,2024-08-09,2025-05-14,2026-01-15,1,278
PT-1308,2023-11-03,2024-12-29,2025-06-18,2026-01-15,0,171
PT-1309,2023-11-03,2024-04-23,2024-04-25,2026-01-15,1,2
PT-1310,2023-11-03,2024-04-25,2025-11-13,2026-01-15,1,567
PT-1311,2023-11-03,2024-05-14,2024-07-21,2026-01-15,-1,68
PT-1312,2023-11-03,2025-04-27,2025-09-09,2026-01-15,1,135
PT-1313,2023-11-03,2025-05-30,2025-10-23,2026-01-15,1,146
PT-1314,2023-11-03,2025-06-25,2025-08-11,2026-01-15,1,47
PT-1315,2023-11-03,2024-06-06,2025-10-10,2026-01-15,1,491
PT-1316,2023-11-03,2024-12-24,2025-10-04,2026-01-15,0,284
PT-1317,2023-11-03,2024-07-23,2025-01-05,2026-01-15,1,166
PT-1318,2023-11-03,2024-12-08,2025-11-07,2026-01-15,0,334
PT-1319,2023-11-03,2025-03-17,2025-11-03,2026-01-15,0,231
PT-1320,2023-11-03,2025-04-18,2025-11-30,2026-01-15,0,226
PT-1321,2023-11-03,2025-05-27,2025-12-21,2026-01-15,0,208
PT-1322,2023-11-03,2025-05-08,2025-10-09,2026-01-15,0,154
PT-1323,2023-11-03,2025-05-02,2025-10-07,2026-01-15,0,158
PT-1324,2023-11-03,2024-05-09,2025-02-23,2026-01-15,1,290
PT-1325,2023-11-03,2024-04-02,2024-08-06,2026-01-15,1,126
PT-1326,2023-11-03,2024-03-22,2024-06-12,2026-01-15,1,82
PT-1327,2023-11-03,2024-03-11,2025-10-07,2026-01-15,0,575
PT-1328,2023-11-03,2024-10-13,2025-02-27,2026-01-15,1,137
PT-1329,2023-11-03,2024-08-20,2025-10-30,2026-01-15,0,436
PT-1330,2023-11-03,2024-10-17,2025-04-10,2026-01-15,1,175
PT-1331,2023-11-03,2024-12-20,2025-08-03,2026-01-15,0,226
PT-1332,2023-11-03,2025-02-09,2025-06-06,2026-01-15,0,117
PT-1333,2023-11-03,2025-06-05,2025-11-03,2026-01-15,1,151
PT-1334,2023-11-03,2025-06-08,2025-10-19,2026-01-15,0,133
PT-1335,2023-11-03,2025-01-01,2025-09-27,2026-01-15,1,269
PT-1336,2023-11-03,2025-01-28,2025-04-20,2026-01-15,1,82
PT-1337,2023-11-03,2025-01-16,2025-10-30,2026-01-15,1,287
PT-1338,2023-11-03,2025-02-17,2025-11-14,2026-01-15,0,270
PT-1339,2023-11-03,2025-03-10,2025-05-19,2026-01-15,1,70
